{
  "timestamp": "2026-03-11T20:37:10.392913",
  "results": [
    {
      "period": "2023",
      "num_tickers": 3,
      "average_sharpe": -0.003373684173463657,
      "total_trades": 59,
      "average_return": 3.8296464284455105e-06,
      "by_ticker": {
        "AAPL": {
          "sharpe": 0.5234948124001496,
          "trades": 15,
          "return": 4.685695648076944e-06,
          "max_dd": -7.350763460875619e-06,
          "win_rate": 0.3333333333333333
        },
        "MSFT": {
          "sharpe": 0.8389405367902018,
          "trades": 20,
          "return": 1.4920742034883006e-05,
          "max_dd": -6.228796580316714e-06,
          "win_rate": 0.4
        },
        "AMZN": {
          "sharpe": -1.3725564017107423,
          "trades": 24,
          "return": -8.117498397623421e-06,
          "max_dd": -8.979997634742176e-06,
          "win_rate": 0.2916666666666667
        }
      },
      "passed": "False"
    },
    {
      "period": "2023",
      "num_tickers": 2,
      "average_sharpe": 0.4841598119082652,
      "total_trades": 24,
      "average_return": 5.445003509521485e-06,
      "by_ticker": {
        "SPY": {
          "sharpe": -0.06394672737505586,
          "trades": 14,
          "return": -6.096115111722611e-07,
          "max_dd": -6.448677062871866e-06,
          "win_rate": 0.21428571428571427
        },
        "QQQ": {
          "sharpe": 1.0322663511915862,
          "trades": 10,
          "return": 1.149961853021523e-05,
          "max_dd": -3.7433816601221675e-06,
          "win_rate": 0.5
        }
      },
      "passed": "False"
    },
    {
      "period": "2024",
      "num_tickers": 3,
      "average_sharpe": -0.7127275684218274,
      "total_trades": 65,
      "average_return": -7.155417124449742e-06,
      "by_ticker": {
        "AAPL": {
          "sharpe": -0.3433192679145804,
          "trades": 23,
          "return": -4.275199890107615e-06,
          "max_dd": -1.5131751315831946e-05,
          "win_rate": 0.13043478260869565
        },
        "MSFT": {
          "sharpe": -2.0829418417838257,
          "trades": 22,
          "return": -1.9196052551269533e-05,
          "max_dd": -2.3000601596092376e-05,
          "win_rate": 0.22727272727272727
        },
        "AMZN": {
          "sharpe": 0.28807840443292426,
          "trades": 20,
          "return": 2.005001068027923e-06,
          "max_dd": -5.657482928720733e-06,
          "win_rate": 0.45
        }
      },
      "passed": "False"
    },
    {
      "period": "2024",
      "num_tickers": 2,
      "average_sharpe": 0.35133307084396614,
      "total_trades": 28,
      "average_return": 4.496181488066213e-06,
      "by_ticker": {
        "SPY": {
          "sharpe": 0.376893484617089,
          "trades": 11,
          "return": 4.168647766200593e-06,
          "max_dd": -8.615075925842495e-06,
          "win_rate": 0.36363636363636365
        },
        "QQQ": {
          "sharpe": 0.3257726570708433,
          "trades": 17,
          "return": 4.823715209931833e-06,
          "max_dd": -1.0695743454507648e-05,
          "win_rate": 0.4117647058823529
        }
      },
      "passed": "False"
    },
    {
      "period": "2025",
      "num_tickers": 3,
      "average_sharpe": -0.11315112756703104,
      "total_trades": 74,
      "average_return": 4.940200805673765e-06,
      "by_ticker": {
        "AAPL": {
          "sharpe": -1.2010535819749022,
          "trades": 29,
          "return": -1.3328128814900993e-05,
          "max_dd": -1.7277309417986544e-05,
          "win_rate": 0.3103448275862069
        },
        "MSFT": {
          "sharpe": 1.3318155484568432,
          "trades": 18,
          "return": 3.256373596203048e-05,
          "max_dd": -8.807266235380666e-06,
          "win_rate": 0.6111111111111112
        },
        "AMZN": {
          "sharpe": -0.47021534918303415,
          "trades": 27,
          "return": -4.415004730108194e-06,
          "max_dd": -1.2302419343570546e-05,
          "win_rate": 0.37037037037037035
        }
      },
      "passed": "False"
    },
    {
      "period": "2025",
      "num_tickers": 2,
      "average_sharpe": -0.7384552432318908,
      "total_trades": 31,
      "average_return": -1.7445426940976177e-05,
      "by_ticker": {
        "SPY": {
          "sharpe": -0.4720904692456689,
          "trades": 14,
          "return": -9.717269897519144e-06,
          "max_dd": -2.2073867797880667e-05,
          "win_rate": 0.42857142857142855
        },
        "QQQ": {
          "sharpe": -1.0048200172181128,
          "trades": 17,
          "return": -2.5173583984433207e-05,
          "max_dd": -2.5173583984433207e-05,
          "win_rate": 0.29411764705882354
        }
      },
      "passed": "False"
    }
  ]
}